{
  "aggregate": {
    "faithfulness": 0.9634920634920634,
    "answer_relevancy": 0.6746637393400811,
    "context_precision": 0.9499999999516667,
    "context_recall": 1.0
  },
  "num_questions": 10,
  "failures": []
}