query,total_latency_ms,input_guard_latency_ms,rag_latency_ms,output_guard_latency_ms
Nghị định 13 quy định gì?,6894.766899997194,1447.8689999959897,3650.831599996309,1792.3016999993706
"Tên tôi là Nguyễn Văn A, số điện thoại 0912345678.",1241.4287999999942,0.0,0.0,0.0
Báo cáo tài chính là gì?,5576.244700001553,829.8164000007091,2046.05960000481,2700.2934999982244
Làm sao để đầu tư chứng khoán?,4719.612699998834,1077.360499999486,2220.440099998086,1421.7422000001534
Cách tính thuế thu nhập cá nhân?,3662.1550999989267,982.46150000341,2060.031799999706,619.5589999988442
