query,total_latency_ms,input_guard_latency_ms,rag_latency_ms,output_guard_latency_ms
Nghị định 13 quy định gì?,5247.95940000331,1226.4069999946514,2380.3138000002946,1639.964100002544
"Tên tôi là Nguyễn Văn A, số điện thoại 0912345678.",1391.5006999959587,0.0,0.0,0.0
Báo cáo tài chính là gì?,4500.315299999784,1204.294299997855,2218.4553000042797,1077.4352000007639
Làm sao để đầu tư chứng khoán?,2981.7704999950365,912.3894000003929,1776.6330000013113,292.6735999935772
Cách tính thuế thu nhập cá nhân?,3315.0826999990386,1043.356700000004,1982.4636000048486,289.2011000003549
